{
  "Are you sure you want to start over?": {
    "en-US": "Are you sure you want to start over?"
  },
  "AUTHORS": {
    "en-US": "Concept: Henri Schildt • Design: <a href='http://kipsonite.com' target='_blank'>Kiira Keski-Hakuni</a> • Engineering: <a href='http://kaljarv.com/' target='_blank'>Kalle Järvenpää</a> • Illustrations: <a href='http://www.freepik.com' target='_blank'>Freepik</a> • Photo: <a href='www.romanbozhkocreative.com' target='_blank'>Roman Bozhko</a>"
  },
  "Balance": {
    "en-US": "Balance"
  },
  "BOOK_DESC": {
    "en-US": "How Digitalization is Reshaping Management, Organizing, and Work."
  },
  "Cancel": {
    "en-US": "Cancel"
  },
  "Click anywhere to see report.": {
    "en-US": "Click anywhere to see report."
  },
  "Congratulations! You are hired as a consultant to help your local bicycle shop. Do you have what it takes to make their business thrive?": {
    "en-US": "Congratulations! You have been hired as a strategy consultant for Velo, a chain of twenty bicycle shops. Your job is to help us transform into a digital enterprise.<br>You can make one investment each month, as long as there are funds available. There are exactly 24 months to complete the digital transformation journey. You progress to the next month simply by choosing an investment to make. Do you have what it takes to make this business thrive?"
  },
  "Final report": {
    "en-US": "Final report"
  },
  "Get the Book Now": {
    "en-US": "Find out more"
  },
  "Hi! I’m happy to be working with such an expert! Here you see all the investment categories available. Let’s start by seeing what options they contain.": {
    "en-US": "Hello! I’m happy to be working with such an expert. Below you see the various investment categories. By clicking a category you can first read a description and then browse the available options."
  },
  "i": {
    "en-US": "i"
  },
  "Invest": {
    "en-US": "Invest"
  },
  "Investments": {
    "en-US": "Investments"
  },
  "It seems we are not utilising these investments as well as we could: ": {
    "en-US": "It seems we are not utilising these investments as well as we could: "
  },
  "Months remaining": {
    "en-US": "Months remaining"
  },
  "One more year to go!": {
    "en-US": "One more year to go!"
  },
  "Only six months to go on the project!": {
    "en-US": "Only six months to go on the project!"
  },
  "Purchased": {
    "en-US": "Purchased"
  },
  "Returns/month": {
    "en-US": "Income/month"
  },
  "Seems like you’ve spent all my money! Now we have to wait to save up funds for investing.": {
    "en-US": "Seems like you’ve spent all my money! Now we have to wait to save up funds for investing."
  },
  "Start game": {
    "en-US": "Start game"
  },
  "Start investing": {
    "en-US": "Start investing"
  },
  "Start over": {
    "en-US": "Start over"
  },
  "The Data Imperative Game": {
    "en-US": "The Data Imperative Game"
  },
  "This is it! Let’s see how our investments worked out.": {
    "en-US": "This is it! Let’s see how our investments worked out."
  },
  "Wait for one month": {
    "en-US": "Wait for one month"
  },
  "Yes": {
    "en-US": "Yes"
  },
  "You don’t have enough funds!": {
    "en-US": "Unfortunately we currently lack funds to make that investment."
  }
}